VideoCard,AvgOPS-Sec
GeForce RTX 4090,"27,999"
RTX 6000 Ada Generation,"23,793"
GeForce RTX 4080,"21,476"
GeForce RTX 4080 SUPER,"20,535"
GeForce RTX 4070 Ti SUPER,"19,044"
GeForce RTX 4070 Ti,"18,959"
RTX 5000 Ada Generation,"18,307"
Radeon RX 7900 XTX,"18,244"
GeForce RTX 4070 SUPER,"17,805"
RTX 4500 Ada Generation,"17,805"
GeForce RTX 3090 Ti,"17,428"
Radeon RX 7900 XT,"17,399"
GeForce RTX 3090,"15,960"
GeForce RTX 3080 Ti,"15,897"
Radeon PRO W7900,"15,640"
GeForce RTX 3080 12GB,"15,573"
Radeon RX 7900 GRE,"15,312"
Radeon RX 6900 XT,"15,175"
GeForce RTX 4070,"15,022"
GeForce RTX 3080,"14,943"
Radeon RX 6950 XT,"14,861"
RTX A6000,"14,645"
Radeon PRO W7800,"14,637"
Radeon RX 6800 XT,"13,797"
Radeon RX 7800 XT,"13,628"
RTX A5500,"13,178"
Radeon RX 7700 XT,"12,961"
RTX A5000,"12,737"
GeForce RTX 4090 Laptop GPU,"12,606"
RTX 4000 Ada Generation,"12,553"
GeForce RTX 4060 Ti,"12,477"
GeForce RTX 4060 Ti 16GB,"12,377"
GeForce RTX 3070 Ti,"12,006"
RTX A4500,"11,962"
Radeon PRO W6800,"11,766"
GeForce RTX 4080 Laptop GPU,"11,578"
GeForce RTX 3070,"11,547"
NVIDIA A10G,"11,440"
Radeon RX 6800,"11,362"
Radeon PRO W7700,"10,774"
TITAN V CEO Edition,"10,571"
GeForce RTX 2080 Ti,"10,380"
RTX 4000 SFF Ada Generation,"10,287"
GeForce RTX 3060 Ti,"10,258"
TITAN RTX,"10,166"
RTX A4000,"10,114"
Radeon RX 6750 XT,"9,983"
Radeon RX 7900M,"9,979"
Quadro RTX 6000,"9,937"
Quadro RTX 8000,"9,859"
Radeon RX 6700 XT,"9,745"
GeForce GTX 1080 Ti,"9,718"
TITAN Xp COLLECTORS EDITION,"9,638"
TITAN V,"9,606"
NVIDIA TITAN Xp,"9,556"
GeForce RTX 4060,"9,339"
Radeon RX 7600 XT,"9,278"
NVIDIA TITAN X,"9,224"
RTX 4000 Ada Generation Laptop GPU,"9,189"
RTX 5000 Ada Generation Laptop GPU,"9,155"
Quadro GV100,"9,119"
NVIDIA A40,"9,014"
Radeon RX 6750 GRE 12GB,"8,986"
Radeon RX 7600,"8,848"
GeForce RTX 3080 Ti Laptop GPU,"8,746"
Quadro P6000,"8,707"
GeForce RTX 3060 12GB,"8,607"
TITAN RTX,"8,579"
RTX 2000 Ada Generation,"8,565"
GeForce RTX 2080 SUPER,"8,501"
Radeon RX 6700,"8,465"
GeForce RTX 4070 Laptop GPU,"8,342"
GeForce RTX 3060 8GB,"8,312"
Radeon PRO W7600,"8,272"
GeForce RTX 2080,"8,075"
Radeon RX 5700 XT 50th Anniversary,"8,014"
Radeon RX 6650 XT,"7,912"
Radeon RX 5700 XT,"7,910"
Radeon RX 6600 XT,"7,903"
GeForce RTX 2070 SUPER,"7,752"
GeForce RTX 3070 Ti Laptop GPU,"7,695"
Radeon VII,"7,655"
GeForce GTX 1080,"7,633"
Radeon PRO W6600,"7,630"
Radeon Pro Vega II,"7,598"
RTX A5500 Laptop GPU,"7,553"
GeForce RTX 3080 Laptop GPU,"7,474"
Quadro GP100,"7,404"
GeForce GTX 1070 Ti,"7,205"
RTX A5000 Laptop GPU,"7,147"
RTX 3500 Ada Generation Laptop GPU,"7,142"
RTX A4500 Laptop GPU,"7,066"
Quadro RTX 5000,"7,046"
Radeon VII,"7,031"
GeForce RTX 3070 Laptop GPU,"6,972"
Radeon Pro W5700,"6,910"
Radeon RX 6600,"6,903"
GeForce RTX 2060 12GB,"6,889"
GeForce RTX 2060 SUPER,"6,864"
GeForce RTX 4060 Laptop GPU,"6,779"
RTX A4000 Laptop GPU,"6,769"
Radeon RX 7700S,"6,737"
Radeon RX 5700,"6,726"
GeForce RTX 3050 8GB,"6,654"
RTX A2000 12GB,"6,645"
Radeon RX 6850M XT,"6,602"
RTX A2000,"6,567"
Quadro P5000,"6,553"
Radeon RX 5600 XT,"6,553"
GeForce RTX 2080 (Mobile),"6,528"
Radeon PRO W7500,"6,523"
GeForce RTX 2070,"6,521"
Radeon RX Vega 64,"6,454"
Quadro RTX 4000,"6,333"
RTX 3000 Ada Generation Laptop GPU,"6,319"
Intel Arc A770,"6,207"
Radeon RX 6800S,"6,191"
GeForce GTX 980 Ti,"6,171"
GeForce GTX 1070,"6,107"
Radeon RX 7600S,"6,070"
Quadro RTX 5000 (Mobile),"6,068"
Radeon RX 6700S,"6,049"
Radeon RX 6650M,"5,994"
Radeon RX Vega 56,"5,958"
GeForce RTX 2070 (Mobile),"5,909"
GeForce GTX 1070 (Mobile),"5,894"
Radeon Pro 5700 XT,"5,889"
GeForce RTX 4050 Laptop GPU,"5,886"
Radeon Pro WX 8200,"5,860"
GeForce RTX 3050 OEM,"5,800"
GeForce RTX 3060 Laptop GPU,"5,798"
Radeon Vega Frontier Edition,"5,795"
Radeon RX 6600M,"5,781"
GeForce GTX 1080 with Max-Q Design,"5,776"
GeForce GTX TITAN X,"5,751"
RTX A3000 12GB Laptop GPU,"5,686"
Radeon RX 7600M XT,"5,679"
Radeon Pro Vega 64,"5,608"
RTX A3000 Laptop GPU,"5,587"
RTX 2000 Ada Generation Laptop GPU,"5,579"
GeForce RTX 2060,"5,576"
Radeon Pro V520 MxGPU,"5,567"
Quadro M6000,"5,552"
Intel Arc A750,"5,496"
Radeon Pro VII,"5,449"
Quadro M6000,"5,387"
RTX 1000 Ada Generation Laptop GPU,"5,377"
Radeon RX 5600,"5,363"
Radeon Pro WX 9100,"5,356"
Radeon RX 6700M,"5,355"
Quadro P4200,"5,333"
GeForce RTX 2060 (Mobile),"5,310"
GeForce GTX 1660 Ti,"5,309"
Quadro M6000 24GB,"5,301"
RadeonT RX 6850M XT,"5,290"
Quadro P3200 with Max-Q Design,"5,266"
Quadro P5200,"5,258"
Quadro RTX 5000 (Mobile),"5,242"
GeForce RTX 2070 with Max-Q Design,"5,237"
Radeon Pro Duo,"5,222"
GeForce GTX 1660 Ti (Mobile),"5,196"
Tesla P100-PCIE-16GB,"5,171"
GeForce RTX 3050 6GB,"5,165"
GeForce GTX 1660 SUPER,"5,161"
Radeon Pro W5500,"5,160"
Radeon Pro Vega 56,"5,134"
Intel Arc A580,"5,120"
GeForce RTX 2070 Super with Max-Q Design,"5,088"
Quadro P4200 with Max-Q Design,"5,083"
Radeon RX 6800M,"5,055"
GeForce GTX 1660,"5,039"
Intel Arc A770M,"5,034"
Quadro P4000,"4,998"
GeForce RTX 2080 Super with Max-Q Design,"4,916"
Tesla V100-PCIE-16GB,"4,857"
Quadro RTX 5000 with Max-Q Design,"4,821"
GeForce GTX 980,"4,790"
Tesla T4,"4,771"
GeForce RTX 2080 with Max-Q Design,"4,744"
Quadro P5200 with Max-Q Design,"4,709"
Radeon RX 6500 XT,"4,708"
GeForce RTX 3050 6GB Laptop GPU,"4,680"
Radeon RX 5500 XT,"4,629"
RTX A1000 6GB Laptop GPU,"4,618"
RTX A2000 8GB Laptop GPU,"4,594"
GeForce GTX 1070 (Mobile),"4,587"
Radeon RX 5600 OEM,"4,580"
Quadro RTX 4000 (Mobile),"4,561"
Tesla P40,"4,527"
GeForce GTX 1650 SUPER,"4,514"
GeForce RTX 2070 (Mobile),"4,495"
Quadro RTX 4000 with Max-Q Design,"4,478"
Quadro P2200,"4,476"
RTX A2000 Laptop GPU,"4,463"
Radeon Pro SSG,"4,404"
Quadro P5200 with Max-Q Design,"4,378"
GeForce GTX 1060 (Mobile),"4,369"
Quadro P4200 with Max-Q Design,"4,367"
Radeon R9 Fury + Fury X,"4,355"
RTX 500 Ada Generation Laptop GPU,"4,322"
GeForce RTX 3050 Ti Laptop GPU,"4,308"
GeForce GTX 1060,"4,296"
Radeon RX 5500,"4,214"
GeForce GTX 1060 5GB,"4,189"
Radeon R9 Fury X,"4,168"
Quadro P4200,"4,162"
Radeon Pro 580,"4,162"
Radeon R9 Fury,"4,154"
A10-8Q,"4,147"
Radeon RX 5300,"4,133"
GeForce GTX Titan,"4,127"
Radeon Pro 5500 XT,"4,121"
GeForce GTX 1650 (Mobile),"4,115"
GeForce GTX 1060 3GB,"4,113"
GeForce GTX 780 Ti,"4,108"
GeForce GTX 970,"4,091"
GeForce RTX 2070 with Max-Q Design,"4,030"
Radeon Pro 5600M,"4,016"
GeForce RTX 2060 (Mobile),"3,989"
Quadro M5000,"3,986"
Radeon R9 390,"3,986"
Radeon RX 590,"3,986"
Radeon Pro Vega 48,"3,979"
Radeon 780M,"3,958"
Quadro P2200,"3,952"
Quadro RTX 3000,"3,942"
GeForce GTX 1060 with Max-Q Design,"3,912"
Tesla M40,"3,892"
RTX A1000 Laptop GPU,"3,886"
Radeon RX 470/570,"3,852"
Quadro M5500,"3,848"
RadeonT 780M,"3,835"
GeForce RTX 3050 Laptop GPU,"3,830"
Radeon Pro 580X,"3,805"
Radeon Ryzen 7 PRO 6860Z,"3,800"
Quadro P3200 with Max-Q Design,"3,783"
GeForce GTX TITAN Black,"3,766"
Radeon RX 580X,"3,759"
Quadro T2000,"3,736"
GeForce GTX 1660 Ti (Mobile),"3,686"
Quadro P2000,"3,673"
Radeon R9 390X,"3,664"
Radeon RX 580,"3,624"
Quadro P3200,"3,607"
Radeon PRO W6400,"3,575"
Radeon RX 480,"3,567"
Radeon Pro 5300,"3,561"
GeForce GTX 1070 with Max-Q Design,"3,560"
Tesla M60,"3,522"
GeForce GTX Titan,"3,501"
GeForce RTX 2060 with Max-Q Design,"3,491"
GeForce RTX 2050,"3,443"
Radeon R9 290X,"3,443"
Tesla M60,"3,428"
GeForce GTX TITAN Z,"3,419"
Quadro M5000M,"3,397"
Radeon R9 390,"3,393"
GeForce GTX TITAN Z,"3,381"
GeForce GTX 1050 Ti with Max-Q Design,"3,374"
Quadro K6000,"3,373"
Radeon Pro 5500M,"3,371"
Radeon RX Vega M GH,"3,356"
GeForce GTX 1050 Ti (Mobile),"3,343"
Ryzen 9 6900HS with Radeon Graphics,"3,343"
GeForce GTX 780,"3,335"
Tesla P4,"3,327"
Radeon Ryzen 9 6900HS,"3,319"
Radeon R9 290X / 390X,"3,300"
Q12U-1,"3,274"
Quadro T1000,"3,274"
Quadro P3000,"3,268"
AMD Ryzen Z1 Extreme,"3,260"
Radeon RX 6550M,"3,255"
Radeon 760M,"3,254"
Radeon RX590 GME,"3,239"
Ryzen 9 PRO 6950H,"3,233"
Radeon RX 5600M,"3,226"
Radeon Pro WX 7100,"3,217"
Ryzen 7 7735HS with Radeon Graphics,"3,212"
Radeon R9 295X2,"3,208"
Ryzen 9 4900HS with Radeon Graphics,"3,183"
GeForce RTX 3050 4GB Laptop GPU,"3,170"
Radeon HD 7970 / R9 280X,"3,168"
Radeon R9 290,"3,163"
Radeon R9 290 / 390,"3,137"
Radeon Ryzen 7 6800HS Creator Edition,"3,130"
Radeon Pro Duo,"3,118"
GeForce GTX 1050 with Max-Q Design,"3,097"
T1200 Laptop GPU,"3,095"
FirePro W9100,"3,093"
GeForce GTX 1060 (Mobile),"3,085"
GeForce GTX 1650,"3,082"
GeForce GTX 1660 Ti with Max-Q Design,"3,059"
Radeon Ryzen 7 PRO 6850H,"3,057"
Quadro P2000 with Max-Q Design,"3,054"
Radeon PRO Ryzen 7 PRO 6850U,"3,052"
RTX A500 Laptop GPU,"3,047"
Radeon RX 470/570,"3,045"
Ryzen 7 6800HS Creator Edition,"3,036"
Radeon Ryzen 7 6800HS,"3,033"
Ryzen 7 6800H,"3,026"
T1000,"3,015"
Radeon Pro 570,"3,012"
Radeon RX 6500M,"3,010"
Radeon Ryzen 7 6800H,"3,002"
T1000 8GB,"2,966"
Radeon RX 6400,"2,958"
GeForce GTX 760 Ti OEM,"2,943"
Ryzen 9 6900HX with Radeon Graphics,"2,941"
Radeon HD 7990,"2,939"
Intel Arc A530M,"2,930"
Quadro P2000,"2,923"
GeForce GTX 1060 with Max-Q Design,"2,897"
Ryzen 7 PRO 6850U,"2,895"
Radeon Ryzen 7 7735HS,"2,876"
Quadro T2000,"2,875"
Intel Arc,"2,865"
Radeon HD 8990,"2,836"
GeForce GTX 970M,"2,827"
Radeon Pro 5300M,"2,817"
GeForce GTX 960,"2,810"
GeForce GTX 1050 (Mobile),"2,800"
EIZO Quadro MED-XN51LP,"2,799"
Intel Arc A380,"2,799"
GeForce GTX 980M,"2,798"
Radeon R9 280X,"2,794"
Ryzen 7 6800U,"2,783"
GeForce GTX 1650 (Mobile),"2,767"
GeForce GTX 770,"2,767"
Radeon R5 330,"2,760"
Ryzen 7 6800H with Radeon Graphics,"2,735"
Radeon RX 580 2048SP,"2,731"
Radeon HD 7950 / R9 280,"2,725"
Radeon Ryzen 7 PRO 6850HS,"2,722"
GeForce GTX 1650 Ti,"2,719"
Quadro M5000M,"2,712"
Quadro P3000,"2,710"
Radeon Ryzen 9 7950X 16-Core,"2,705"
Radeon RX 6500,"2,690"
Quadro M4000,"2,679"
Quadro RTX 3000 with Max-Q Design,"2,675"
T600 Laptop GPU,"2,675"
Barco MXRT 7600,"2,673"
Radeon RX Vega M GL,"2,665"
Quadro T2000 with Max-Q Design,"2,664"
Radeon RX 560X,"2,660"
Ryzen 7 PRO 6850U with Radeon Graphics,"2,653"
GeForce GTX 1050 Ti,"2,644"
Radeon TM,"2,629"
GeForce GTX 680,"2,627"
GeForce MX570 A,"2,623"
Radeon Ryzen 7 PRO 6850U,"2,619"
GeForce MX570,"2,608"
Radeon Ryzen 7 7735H,"2,604"
FirePro W7100,"2,600"
Radeon R9 M395X,"2,599"
Radeon R9 270X,"2,593"
Quadro K5200,"2,591"
FirePro W8100,"2,588"
Ryzen 7 7735U with Radeon Graphics,"2,586"
Quadro T1000 with Max-Q Design,"2,577"
Radeon Pro 465,"2,568"
Ryzen 9 5900HS with Radeon Graphics,"2,560"
Radeon Pro Vega 16,"2,548"
Ryzen 7 PRO 6860Z with Radeon Graphics,"2,544"
GeForce GTX 690,"2,524"
FirePro S9000,"2,517"
GRID M60-8A,"2,508"
Quadro T1000,"2,508"
Radeon R9 280,"2,505"
Radeon HD 7870 XT,"2,502"
Quadro P1000,"2,490"
Radeon R9 M390X,"2,483"
Ryzen 7 6800U with Radeon Graphics,"2,480"
T600,"2,472"
GeForce GTX 1050 3GB,"2,466"
Barco MXRT 7500,"2,450"
Radeon R9 285 / 380,"2,447"
GeForce GTX 760,"2,431"
Radeon R9 380X,"2,411"
GRID P6-4Q,"2,408"
GeForce GTX 880M,"2,406"
GRID K2,"2,400"
GeForce GTX 670,"2,391"
GeForce GTX 690,"2,391"
FirePro W7170M,"2,388"
GeForce GTX 680M KY_Bullet Edition,"2,381"
Radeon Pro WX 4150,"2,375"
GeForce GTX 1650 Ti with Max-Q Design,"2,363"
Quadro M4000M,"2,361"
FirePro M6100 FireGL V,"2,355"
Radeon Pro WX 7130,"2,344"
GeForce GTX 760 Ti,"2,343"
GeForce GTX 970M,"2,333"
Radeon R9 M290X,"2,327"
Radeon Ryzen 9 PRO 6950HS,"2,322"
Radeon R9 M470X,"2,314"
Radeon RX Vega M GH,"2,314"
Quadro M2200,"2,311"
Radeon Ryzen 7 7735U,"2,297"
Radeon Eng Sample: 100-000000560-40_Y,"2,291"
GeForce GTX 660 Ti,"2,288"
GeForce GTX 1650 with Max-Q Design,"2,286"
Radeon R9 380,"2,284"
GeForce GTX 950,"2,263"
T550 Laptop GPU,"2,247"
Quadro P2000 with Max-Q Design,"2,232"
Radeon RX 5500M,"2,232"
Radeon R9 270 / R7 370,"2,228"
Intel Arc A310,"2,226"
FirePro S7000,"2,224"
GeForce MX550,"2,224"
Radeon Ryzen 5 7535HS,"2,221"
Radeon R9 270X,"2,217"
Radeon PRO W6300,"2,207"
Radeon R9 370,"2,206"
Radeon RX 6300,"2,190"
Radeon Sky 500,"2,189"
GeForce GTX 1050 Ti with Max-Q Design,"2,184"
Radeon Ryzen 5 6600H,"2,182"
Radeon Pro Vega 20,"2,175"
GeForce GTX 1050 Ti (Mobile),"2,172"
Radeon Pro WX 5100,"2,171"
GeForce GTX 760,"2,165"
FirePro W8000,"2,160"
FirePro W9000,"2,153"
Radeon Ryzen 5 6600HS Creator Edition,"2,140"
GeForce GTX 965M,"2,131"
GeForce GTX 870M,"2,124"
Quadro M3000M,"2,124"
Radeon HD 7870,"2,105"
GeForce GTX 1630,"2,104"
Radeon Ryzen 7 Pro 7735U,"2,104"
GeForce GTX 1050,"2,091"
Radeon Instinct MI25 MxGPU,"2,082"
Quadro K5100M,"2,072"
FirePro W7000 Adapter,"2,069"
Radeon R9 M295X,"2,057"
Radeon Ryzen 9 7900X 12-Core,"2,050"
P106-100,"2,048"
GeForce GTX 480,"2,046"
Radeon Ryzen 7 6800U,"2,044"
Radeon HD8970M,"2,032"
GeForce GTX 960A,"2,014"
Radeon RX Vega 11 PRD,"2,013"
Radeon R7 370,"1,992"
Radeon Pro WX 3100,"1,978"
Snapdragon X Elite - X1E84100 - Qualcomm Adreno GP,"1,974"
GeForce GTX 680MX,"1,970"
GRID K520,"1,940"
FirePro W7000,"1,938"
GeForce GTX 580,"1,897"
Radeon HD 8970M,"1,892"
FirePro V7000,"1,889"
GeForce MX450,"1,887"
Quadro P1000,"1,878"
T500,"1,878"
GeForce GTX 675MX,"1,876"
FirePro W7100,"1,859"
Quadro P600,"1,857"
Radeon Pro 560X,"1,851"
Quadro M2000M,"1,841"
Quadro M2200,"1,840"
Quadro M2000,"1,834"
Radeon Pro WX 4130,"1,825"
Radeon 740M,"1,824"
GeForce GTX 660,"1,820"
GeForce GTX 1050 (Mobile),"1,816"
Radeon Pro 460,"1,816"
Radeon HD 8950,"1,810"
Ryzen 5 6600HS Creator Edition,"1,809"
Quadro K4200,"1,796"
Radeon HD 7800-serie,"1,795"
GRID T4-8Q,"1,784"
GeForce GTX 680M,"1,782"
GeForce GTX 780M,"1,782"
Radeon Pro 560,"1,776"
Radeon R9 270,"1,776"
GeForce GTX 750 Ti,"1,760"
Radeon R9 M395,"1,752"
Ryzen 5 PRO 6650U with Radeon Graphics,"1,740"
Radeon RX 5300M,"1,735"
Quadro K5000,"1,734"
Radeon Eng Sample: 100-000000561-40_Y,"1,734"
Radeon Ryzen 5 PRO 6650U,"1,733"
Intel Graphics,"1,732"
Radeon R9 260,"1,727"
Ryzen 5 PRO 6650U,"1,726"
Ryzen 9 5900HX with Radeon Graphics,"1,714"
Radeon E8870PCIe,"1,708"
Quadro M1200,"1,703"
Radeon RX 460,"1,694"
Matrox C680 PCIe x16,"1,693"
Radeon HD 7850,"1,682"
GRID K220Q,"1,677"
Ryzen 7 5700G with Radeon Graphics,"1,674"
Snapdragon X Plus - X1P64100 - Qualcomm Adreno GPU,"1,657"
FirePro M5100,"1,643"
Ryzen 7 5700GE with Radeon Graphics,"1,641"
Snapdragon X Elite - X1E80100 - Qualcomm Adreno GP,"1,640"
Radeon Ryzen 7 4700G,"1,636"
Radeon Ryzen 7 4800H,"1,633"
Ryzen 7 Pro 4750G with Radeon Graphics,"1,629"
Ryzen 7 5800H with Radeon Graphics,"1,626"
Radeon Ryzen 5 6600U,"1,625"
GeForce GTX 775M,"1,624"
FirePro V9800,"1,618"
GeForce GTX 880M,"1,613"
Radeon Ryzen 7 PRO 4750G,"1,604"
GeForce GTX 870M,"1,600"
Snapdragon X Elite - X1E78100 - Qualcomm Adreno GP,"1,597"
GeForce GTX 965M,"1,596"
Quadro K2200,"1,589"
Quadro K5100M,"1,587"
GeForce GTX 1050 with Max-Q Design,"1,585"
Radeon HD 7970M,"1,585"
Radeon Ryzen 7 4700GE,"1,585"
Ryzen 7 PRO 5750G with Radeon Graphics,"1,576"
GeForce GTX 750,"1,575"
Quadro K4100M,"1,575"
Radeon R9 M375X,"1,575"
Ryzen 7 PRO 5750GE with Radeon Graphics,"1,573"
Radeon HD 7790,"1,571"
Radeon Ryzen 7 5800H,"1,570"
Quadro P620,"1,569"
P104-100,"1,561"
GeForce GTX 650 Ti BOOST,"1,556"
Radeon Pro WX 2100,"1,554"
Quadro M1000M,"1,544"
MxGPU,"1,541"
Radeon Pro WX 4100,"1,541"
Quadro 7000,"1,537"
Ryzen 7 PRO 7730U with Radeon Graphics,"1,537"
GeForce GTX 580,"1,530"
T400,"1,530"
T400 4GB,"1,527"
Ryzen 7 5800HS with Radeon Graphics,"1,525"
GeForce GTX 860M,"1,520"
Radeon Ryzen 7 4800HS,"1,518"
Ryzen 7 4700G with Radeon Graphics,"1,500"
Firepro W5170M,"1,495"
Radeon Ryzen 5 7535U,"1,493"
Ryzen 5 5600GE with Radeon Graphics,"1,491"
Ryzen 7 PRO 4750GE with Radeon Graphics,"1,488"
Quadro M2000M,"1,481"
Radeon Ryzen 7 PRO 4750GE,"1,479"
GeForce GTX 680M,"1,478"
Radeon RX 560,"1,477"
Ryzen 5 5600G with Radeon Graphics,"1,477"
Radeon Ryzen 7 5800HS,"1,476"
Intel Iris Pro P580,"1,475"
B8DKMDAP,"1,472"
GeForce 8800 GTX,"1,471"
Quadro K2200M,"1,466"
Ryzen 5 PRO 5650G with Radeon Graphics,"1,462"
GeForce GTX 750,"1,454"
Radeon R7 260X,"1,447"
Ryzen 5 PRO 5650GE with Radeon Graphics,"1,438"
Tesla C2070,"1,437"
GeForce GTX 960M,"1,436"
Ryzen 7 5825U with Radeon Graphics,"1,430"
Radeon Ryzen 5 5500GT,"1,429"
FirePro 3D V8800,"1,427"
Radeon Pro 455,"1,418"
GeForce GTX 570,"1,412"
Ryzen 7 7730U with Radeon Graphics,"1,406"
Quadro K5000M,"1,404"
NVIDIA A10-4Q,"1,399"
GeForce 8800 GTS 512,"1,398"
Radeon Ryzen 5 PRO 5650G,"1,398"
Quadro P600,"1,393"
Radeon RX Vega 11 Ryzen 5 3400G,"1,393"
Radeon RX Vega 11,"1,386"
Ryzen 5 Pro 4650G with Radeon Graphics,"1,386"
Ryzen 7 5800U with Radeon Graphics,"1,386"
Radeon Ryzen 5 5600GT,"1,385"
GeForce GTX 590,"1,384"
Radeon Pro 555,"1,383"
Radeon Ryzen 9 4900H,"1,376"
FirePro 3D V9800,"1,375"
Radeon Eng Sample: 100-000000285-40_Y,"1,373"
Radeon Ryzen 7 5825U,"1,373"
Tesla C2050,"1,373"
Ryzen 5 4600G with Radeon Graphics,"1,371"
Radeon R9 M275X / M375,"1,370"
Quadro M1200,"1,366"
Radeon Ryzen 5 PRO 5650GE,"1,365"
Radeon Ryzen 7 PRO 7730U,"1,364"
Radeon R7 260,"1,361"
Radeon Ryzen 7 5800U,"1,358"
GRID P40-24Q,"1,354"
Intel Iris Xe,"1,353"
Tesla C2050 / C2070,"1,351"
Intel Iris Xe MAX,"1,348"
GeForce GTX 960M,"1,345"
Radeon Ryzen 7 7730U,"1,345"
Radeon R9 M290X,"1,340"
Radeon Vega 11 Ryzen 5 PRO 3350G,"1,338"
Ryzen 7 PRO 5850U with Radeon Graphics,"1,330"
Radeon R9 360,"1,329"
Radeon Ryzen 5 5600H,"1,329"
Tesla C2075,"1,327"
GeForce GTX 650 Ti,"1,324"
Radeon Ryzen 5 PRO 4655G,"1,324"
FirePro W5000,"1,321"
Radeon RX Vega 11 Ryzen 5 3350G,"1,317"
Radeon Ryzen 9 7900 12-Core,"1,311"
NVS 810,"1,304"
Matrox C900 PCIe x16,"1,302"
GeForce GTX 850M,"1,301"
Radeon Ryzen 5 Pro 7535U,"1,299"
Radeon HD 7700-serie,"1,296"
Radeon R7 360,"1,296"
Ryzen 5 PRO 4650GE with Radeon Graphics,"1,296"
GRID K2,"1,293"
Radeon Ryzen 5 5600GE,"1,289"
GeForce GTX 950M,"1,288"
Radeon RX Vega M GL,"1,284"
Ryzen 7 PRO 5875U with Radeon Graphics,"1,283"
Ryzen 7 5700U with Radeon Graphics,"1,281"
Radeon Ryzen 5 PRO 4655GE,"1,280"
Ryzen 5 7530U with Radeon Graphics,"1,280"
GeForce GT 645,"1,273"
Radeon Vega 11 Ryzen 5 PRO 3400G,"1,272"
GeForce GTX 950A,"1,271"
Ryzen 7 4800U with Radeon Graphics,"1,267"
GeForce GTX 860M,"1,262"
Radeon Ryzen 7 4800U,"1,260"
Radeon Ryzen 7 5700U,"1,258"
FirePro W5100,"1,256"
GeForce GT 1030,"1,256"
Radeon R9 M380,"1,256"
Radeon HD 6990,"1,255"
Radeon Ryzen 5 7530U,"1,252"
Ryzen 7 Extreme Edition,"1,250"
Intel Coffee Lake UHD,"1,247"
GeForce MX150,"1,246"
GeForce GTX 770M,"1,245"
Ryzen 5 5600H with Radeon Graphics,"1,245"
GeForce MX350,"1,244"
Ryzen 3 PRO 5350G with Radeon Graphics,"1,244"
GeForce GTX 560 Ti,"1,243"
Radeon Ryzen 7 Microsoft Surface Edition,"1,238"
Quadro K4100M,"1,235"
Radeon RX Vega 11 Processor,"1,235"
Radeon RX Vega 11 Ryzen 5 3400GE,"1,233"
Radeon HD 5970,"1,231"
Radeon Pro,"1,224"
Quadro K1200,"1,216"
Radeon Pro 450,"1,212"
Radeon Vega 11,"1,211"
Quadro K5000M,"1,206"
Quadro K3100M,"1,204"
Radeon TM R9 A360,"1,202"
Ryzen 5 5600U with Radeon Graphics,"1,201"
Quadro K620,"1,198"
Ryzen 3 4300GE with Radeon Graphics,"1,198"
Ryzen 5 5625U with Radeon Graphics,"1,195"
GeForce GTX 850M,"1,191"
FirePro W4100,"1,187"
Radeon Ryzen 5 5600U,"1,182"
Radeon HD 7770,"1,178"
Radeon Ryzen 5 7430U,"1,175"
Ryzen 5 PRO 5650U with Radeon Graphics,"1,174"
Radeon Ryzen 5 5625U,"1,173"
Quadro K4000M,"1,171"
Quadro M600M,"1,170"
Radeon Vega 11 Ryzen 5 PRO 3400GE w/,"1,170"
GeForce GTX 590,"1,161"
GeForce GTX 675MX,"1,157"
Quadro M620,"1,154"
Quadro M1000M,"1,151"
Ryzen 5 PRO 7530U with Radeon Graphics,"1,149"
GRID P40-2Q,"1,148"
Ryzen 3 Pro 4350G with Radeon Graphics,"1,147"
Radeon Ryzen 3 PRO 7330U,"1,145"
Radeon Ryzen 7 PRO 5875U,"1,141"
FirePro W4300,"1,138"
Quadro K4000,"1,137"
Ryzen 5 5500U with Radeon Graphics,"1,134"
GeForce GTX 950M,"1,129"
Ryzen 3 4300G with Radeon Graphics,"1,128"
Ryzen 3 5300G with Radeon Graphics,"1,125"
GeForce GTX 460,"1,120"
Radeon Ryzen 5 5500U,"1,118"
Ryzen 5 PRO 5675U with Radeon Graphics,"1,117"
Radeon E8860,"1,115"
Radeon Ryzen Embedded V2718,"1,114"
GRID P40-3Q,"1,112"
Radeon HD 8870M / R9 M270X / M370X,"1,109"
Ryzen 3 5300GE with Radeon Graphics,"1,108"
Radeon HD 6970,"1,104"
Ryzen 7 4800H with Radeon Graphics,"1,100"
FirePro M6000,"1,098"
Radeon Ryzen 5 5560U,"1,098"
GRID P40-4Q,"1,096"
Ryzen 3 PRO 4350GE with Radeon Graphics,"1,093"
FirePro M6100 FireGL V,"1,092"
FirePro 3D V7800,"1,091"
GRID P100-8Q,"1,089"
Radeon Vega 8 Ryzen 3 3200G,"1,089"
Intel G33/G31 Express,"1,087"
Radeon HD 5870,"1,086"
GeForce GTX 470,"1,081"
Ryzen 7 4700U with Radeon Graphics,"1,078"
GRID P100-16Q,"1,076"
Quadro 6000,"1,073"
FirePro M5100 FireGL V,"1,072"
Ryzen 5 4600H with Radeon Graphics,"1,070"
MONSTER GeForce GTX 675M,"1,068"
Ryzen 7 PRO 4750U with Radeon Graphics,"1,066"
GeForce GTX 765M,"1,065"
Radeon Ryzen 5 PRO 5675U,"1,064"
GeForce GTX 460 v2,"1,062"
Ryzen 5 5560U with Radeon Graphics,"1,062"
Radeon R7 A8-7500,"1,060"
Radeon HD 8870M,"1,059"
Radeon HD 8950,"1,059"
Radeon Ryzen 7 4700U,"1,058"
Radeon Ryzen 7 PRO 4750U,"1,058"
Intel UHD Graphics 617,"1,055"
Radeon HD 6870,"1,055"
Seria Radeon HD 7700,"1,053"
GeForce GTX 560,"1,048"
Ryzen 3 5425U with Radeon Graphics,"1,047"
Radeon R7 PRO A8-9600,"1,045"
Ryzen 3 7330U with Radeon Graphics,"1,045"
Radeon Vega 8 Ryzen 3 PRO 3200G,"1,043"
Ryzen 3 PRO 5350GE with Radeon Graphics,"1,041"
Custom GPU 0405,"1,037"
TENSOR 1.0 Driver Intel HD 630,"1,032"
Radeon Ryzen 7 7700X 8-Core,"1,031"
Radeon RX 550,"1,028"
Radeon RX Vega 10 Ryzen 7 3750H,"1,028"
Radeon Ryzen 3 PRO 5450U,"1,022"
GeForce GTX 580M,"1,021"
Radeon Ryzen 5 Microsoft Surface Edition,"1,021"
GeForce GTX 760M,"1,020"
Radeon Pro WX 3200,"1,018"
GeForce GTX 460,"1,012"
GRID T4-1Q,"1,009"
FirePro M6100,"1,007"
Quadro M520,"1,007"
GeForce GTX 485M,"1,006"
Radeon R5 A10-9630P 4C+6G,"1,006"
GeForce MX250,"1,004"
Radeon R5 PRO A6-8570 2C+6G,"1,004"
Radeon HD 6950,"1,001"
Radeon HD HD7850M,"1,000"
GeForce MX330,999
GeForce GTX 745,989
Radeon Ryzen 3 PRO 7335U,979
GRID P100-1B,972
Radeon Ryzen 5 7600 6-Core,970
Radeon R7 PRO A8-8670E,967
Quadro K620,966
GeForce MX130,965
Radeon R9 M385,965
Radeon R5 340,964
Qualcomm Adreno 8cx Gen 3,960
Radeon Ryzen 9 7950X3D 16-Core,960
Radeon HD 7560D + 7700 Dual,955
GeForce MX150,954
Radeon HD 5970,952
Radeon R9 M270X,952
Radeon HD 8670D + 7700 Dual,950
Radeon R7 + R5 435 Dual A10-9700 RADEON,950
Radeon Ryzen 7 7800X3D 8-Core,949
Ryzen 5 4600U with Radeon Graphics,949
Radeon Ryzen 3 7330U,948
Radeon HD 7870M,947
Radeon 550,946
Radeon HD 5850,946
Intel Iris Pro Graphics 6200,945
Intel UHD Graphics 770,942
Radeon Pro WX 4150,942
Embedded Radeon E9173,940
Ryzen 5 4500U with Radeon Graphics,937
GeForce 930MX,936
Intel Iris Pro P6300,934
Ryzen 3 PRO 5475U with Radeon Graphics,934
Ryzen 3 5400U with Radeon Graphics,931
GRID M60-1Q,930
GRID P40-2B,929
GeForce GTX 670MX,928
Radeon RX Vega 10 Ryzen 7 PRO 3700U w/,928
Radeon RX Vega 10,926
Radeon Ryzen 3 5425U,925
NVS 810,922
Radeon RX Vega11,920
GeForce GTX 555,916
GeForce GTX 465,913
Barco MXRT 5500,911
Radeon R5 430,911
Radeon R7 A10-9700E RADEON,910
Ryzen 3 5300U with Radeon Graphics,909
Radeon R9 350,905
Quadro K3100M,903
Radeon R7 Opteron X3421,899
Intel UHD Graphics P630,898
GeForce GT 745M,895
GeForce GTX 560 SE,895
GeForce GTX 645,894
P106-090,894
Radeon Vega 8 Ryzen 3 PRO 3200GE w/,893
Ryzen 5 PRO 4650U with Radeon Graphics,892
Radeon R5 PRO A6-9500 2C+6G,890
FirePro M6000 Mobility Pro,889
Intel Iris Pro 580,887
Quadro P520,887
Radeon Vega 10,883
Radeon R7 430,880
Radeon Vega 8,879
Quadro K3000M,878
GeForce 940MX,877
Quadro 5010M,877
Radeon Ryzen 3 5300U,876
Quadro K2100M,874
Radeon HD 5830,873
Radeon R7 PRO A6-9500 2C+6G,870
Radeon Vega 9,868
GeForce GTX 480M,867
Radeon Pro WX 3100,867
Radeon Vega 10 Ryzen 7 PRO 3700U w/,865
Intel Iris Pro 5200,864
Radeon R5 A6-9500E 2C+4G,861
Intel Iris Plus 645,859
GeForce 945M,858
Radeon Vega 10 Mobile,848
GeForce GT 740,846
Radeon RX 640,844
GeForce GTX 650,843
GeForce GTX 660M,842
Radeon 610M Ryzen 9 7945HX,842
Radeon HD 7750,842
Radeon R7 PRO A10-9700B,840
Radeon R7 7850A10-7850K,837
Radeon R7 450,836
Radeon Pro WX 2100,835
Virtual Display Device,831
GRID T4-4Q,829
Intel Iris Plus,826
Radeon R7 PRO A10-8850B,826
FirePro V7900,824
Radeon R7 A10 PRO-7850B,823
Radeon R7 FX-9830P RADEON,822
Radeon R7 340,821
GRID T4-2Q,817
Intel Iris 650,817
GRID V100D-8Q,814
Radeon Ryzen 7 3700U,814
Radeon RX 550X,812
Radeon Ryzen 5 7600X 6-Core,812
Quadro K620M,804
FirePro 3D V5800,802
Radeon HD 7850M,802
Radeon R6 Opteron X3418,801
Quadro M520,799
GeForce GTX 675M,798
GeForce GTX 650,797
Quadro M600M,795
Radeon RX Vega 10 Ryzen 7 3700U,795
Radeon HD 6850,793
Radeon R9 M360,792
GeForce GTX 570M,790
Intel UHD Graphics 750,790
FirePro W600,787
GeForce GTX 460 SE,787
Radeon RX Vega 8,787
Firepro W5170M,784
GeForce GTX 760M,783
GeForce 825M,782
GeForce GTX 470M,782
GeForce 845M,779
GeForce GT 755M,779
Radeon R7 A12-9800 RADEON,779
GeForce GTX 660M,777
GeForce MX130,777
Intel HD P530,776
Radeon Vega 8 Ryzen 5 3550H,776
Quadro K4000M,775
Radeon R7 A12-9730P RADEON,775
Quadro P400,772
Radeon Ryzen 7 7700 8-Core,771
Radeon R7 + R7 200 Dual,770
Radeon RX 540,767
Ryzen 3 PRO 4300U with Radeon Graphics,766
GeForce MX230,763
GeForce GT 750M,762
Intel UHD Graphics P750,761
Barco MXRT 5450,760
Radeon Vega 8 Ryzen 5 PRO 3500U w/,760
FirePro M4000 Mobility Pro,752
Quadro P500,751
Radeon R7 +8G,749
FirePro W2100,747
Radeon R9 255,746
Ryzen 3 PRO 4450U with Radeon Graphics,746
FirePro M4000,745
GeForce 840M,745
GeForce 940M,745
Quadro 5000,745
Quadro 5000M,745
Radeon RX Vega11 Ryzen 7 Microsoft Surface Edition,745
Radeon Ryzen 9 PRO 7945 12-Core,743
GeForce 930A,742
FirePro M40003,741
Intel Iris Plus 655,741
Radeon HD 7660D + R7 240 Dual,738
Radeon Vega 9 Ryzen 5 Microsoft Surface Edition,738
GeForce 945M,736
Intel Iris Plus 650,736
Qualcomm Adreno 630 GPU,736
GRID P6-2Q,735
Radeon R9 M375X,735
Intel UHD Graphics 730,734
Quadro K2000D,731
Radeon Ryzen 5 PRO 7645 6-Core,731
Radeon Vega 8 Mobile,729
GeForce GTX 670M,726
Radeon HD 7750M,725
GeForce GT 740,724
GeForce GTX 550 Ti,722
Intel Iris 550,722
Radeon R5 PRO A8-9600B 4C+6G,719
GeForce 940M,717
GeForce 940MX,716
Radeon R9 M370X,715
Ryzen 3 4300U with Radeon Graphics,715
GeForce GT 740M,712
Radeon R7 PRO A12-8870,712
GRID M60-8Q,710
Radeon R9 M275X,709
GeForce GT 755M,708
GeForce 930M,707
FirePro M4150,706
Radeon R5 PRO A6-9500E 2C+4G,705
GeForce MX110,704
Radeon Vega 8 Ryzen 5 3500U,703
Radeon HD 6790,700
Quadro K2000,697
Radeon R7 A10-7870K,696
FirePro W4100,695
Radeon HD 7730M,693
Radeon Pro WX 4130,693
GeForce 930MX,691
Radeon R5 PRO A6-8570E 2C+4G,690
GeForce 830M,689
GRID M6-8Q,687
Quadro K2000M,687
Quadro K1100M,683
Radeon R7 PRO A12-9800,679
Radeon Ryzen 3 7335U,678
Embedded Radeon E9173,677
GeForce GT 745A,676
GeForce 920MX,675
Quadro M500M,675
GeForce GT 730M,672
Radeon HD 8470D + HD 7500 Dual,671
Radeon R7 A10-7890K,671
Radeon Vega 6 Ryzen 3 3350U,671
Radeon 540X,670
Radeon 610M,670
Radeon HD 6900M,667
Radeon HD 8570D + HD 8570 Dual,663
Radeon Vega 6,663
Intel UHD Graphics,662
Quadro K2100M,662
Radeon HD 5770,661
Radeon R5 A10-9620P 4C+6G,661
GeForce 920M,659
Radeon R7 A12-9720P RADEON,657
Quadro K3000M,656
Radeon R9 M265X,656
GeForce GT 650M,652
Barco MXRT 7400,651
Barco MXRT 5400,650
Radeon HD 8650G + 7700M Dual,647
Radeon R7 A8-8650,641
Radeon R7 M465X,640
GeForce GT 750M,639
GeForce 840M,638
GeForce GT 240,638
Radeon R7 A12-9800E RADEON,637
Radeon HD 8670D + R7 200 Dual,636
Radeon HD 8750M,635
"Radeon R5 A6-9400 RADEON R5, 6 COMPUTE CORES 2C+4G",633
Radeon HD 6770,632
GeForce GT 640,631
Radeon R7 G,630
Radeon Vega 8 Ryzen 5 3450U,630
Radeon R7 + R7 240 Dual,629
Intel Iris Plus 640,628
Radeon Vega 6 Ryzen 3 3300U,628
GeForce GTS 450,626
Radeon Vega 6 Ryzen 3 PRO 3300U w/,626
Radeon 540,623
Quadro K620M,621
Radeon HD 7730,620
GeForce 930A,619
GRID M10-8Q,617
GeForce GT 635,616
Radeon R5 A6-9500 2C+6G,616
Radeon R5 PRO A10-8730B 4C+6G,616
Radeon R7 250,614
GRID K280Q,613
Radeon R7 A10-7860K,610
GeForce GT 820M,608
Ryzen 7 2700U with Radeon Vega,608
Radeon HD 4650,607
Radeon HD 7640G + R5 M200 Dual,606
Radeon HD 5600/5700,605
"Radeon R5 PRO A6-8570 R5, 8 COMPUTE CORES 2C+6G",605
Radeon R5 PRO A6-8500B 2C+4G,604
Radeon 540,603
Radeon HD 8570D + R7 240 Dual,602
Radeon R7 PRO A10-8770,602
Radeon HD 7520G + 7700M Dual,601
Radeon Ryzen 5 3450U,601
FirePro V5800,600
Intel Iris 540,600
Radeon R5 A6-8500P,600
GRID M60-4Q,599
GeForce GT 640M,597
GeForce GT 710,594
Radeon R7 PRO A12-9800E,593
Radeon HD 8670D + R7 240 Dual,590
GeForce MX110,588
"Radeon R5 A6-9500 RADEON R5, 8 COMPUTE CORES 2C+6G",586
Radeon HD 8570 + HD 7660D Dual,584
Radeon R5 PRO A6-8530B 2C+4G,584
Radeon R7 A10-9700 RADEON,583
FirePro W5130M,582
Radeon HD 8570D + R7 200 Dual,580
GeForce 930M,579
Radeon HD 8670D + 8570 Dual,579
FirePro W4170M,578
GRID V100-8Q,578
Radeon HD 7560D + HD 8570 Dual,578
Radeon HD 8570 + 8670D Dual,577
Quadro 4000,575
Radeon R7 A8-7500 4C+6G,571
Radeon R7 PRO A12-8870E,571
Radeon HD 8670D + 7000 Dual,570
GRID M60-0B,569
Quadro K610M,569
Radeon R7 240 + HD 8570D Dual,568
Radeon R7 A8-7680,567
Radeon HD 8450G + 8600/8700M Dual,565
Radeon R7 A10-7850K,565
Radeon R7 PRO A10-9700,565
Radeon 550X,564
"Radeon R5 PRO A6-9500 R5, 8 COMPUTE CORES 2C+6G",562
GeForce GT 650M,561
Radeon R7 240 + HD 8670D Dual,560
GeForce GT 740M,557
Intel HD P630,553
Intel Iris Pro 6100,553
Radeon R9 M375,551
GeForce GT 745M,550
Radeon HD 8570,550
GeForce GTX 560M,549
Quadro 2000 D,548
Radeon HD 7560D + HD 6670 Dual,548
Radeon R7 A10-8750,548
Quadro 4000M,547
GeForce GT 640M LE,546
GeForce GT 720,544
Intel Iris 6100,544
GeForce 710M,543
GeForce GT 710M,541
Intel HD 5200,537
GeForce 820M,536
Intel HD 6000,535
Radeon R7 FX-8800P,535
Radeon R7 430,534
Radeon 630,533
Radeon 625,532
Mobility Radeon HD 5870,531
Radeon R7 A10 PRO-7800B,531
Radeon R7 M465,531
Radeon HD 5750,530
Quadro 2000D,529
Radeon R5 A6-7480,528
Radeon R7 PRO A10-8750B,528
GeForce 830M,526
Radeon HD 7560D + 7670 Dual,526
Radeon R9 M265X,525
GeForce GT 730M,521
Intel UHD Graphics 630,521
Radeon R7 A8-9600 RADEON,519
Radeon HD 7560D + 6670 Dual,518
Radeon HD 8550G + HD 8750M Dual,518
RadeonT 610M,518
GeForce 210,517
GeForce 920A,517
FirePro W5130M,516
GeForce GT 730,515
GeForce GTX 460M,515
Radeon R5 PRO A6-9500B 2C+4G,515
GeForce 730A,514
Quadro K1100M,513
Radeon HD 7660D + 6670 Dual,513
Radeon R7 A8-7670K,513
Radeon HD 8670D + HD 6670 Dual,512
Radeon HD 8670D + HD 7000 Dual,512
Radeon HD 8670D + 6670 Dual,511
Radeon R6 A8-8600P,510
Radeon HD 8730M,509
GeForce 920MX,508
Intel HD 630,507
Quadro 2000,506
Radeon HD 7560D + HD 7670 Dual,505
GRID M60-2Q,503
Radeon R5 M240,503
GRID K240Q,502
GRID M10-0Q,502
GRID M10-4Q,502
Mobility Radeon HD 5850,502
Radeon HD 8570D + 6670 Dual,502
GeForce GT 635M,501
Radeon HD 8650G + HD 8750M Dual,501
Radeon R7 A10-7800,501
Radeon R7 PRO A10-9700E,500
GRID M10-1Q,497
Quadro K2000M,497
Radeon Vega 3 Athlon 3000G,496
Intel Iris 5100,495
Radeon 530,495
Radeon Vega 3 Mobile,493
GeForce GT 720M,492
Intel UHD Graphics 710,492
Radeon HD 6700M,492
Radeon HD 6800M,491
Radeon R7E,490
GeForce GT 545,489
Radeon HD 7670A,489
GeForce GT 645M,488
Intel HD P530,487
Radeon HD 7660G N HD 7660G + HD 7700M N HD 7700M D,486
Radeon HD 8570D + HD 6670 Dual,486
Radeon HD 6750,485
Radeon R7 240,485
Radeon R7 PRO A10-8770E,485
GeForce GT 645M,484
Radeon HD 7660G + 7730M Dual,484
Radeon R7 M460,484
FirePro W4170M,478
Quadro K420,476
GeForce 920M,475
GeForce 710A,473
Radeon R7 M350,473
GeForce 820M,472
Radeon HD 7660D + 7670 Dual,472
Radeon HD 7690M,472
Radeon HD 8670D + R5 235 Dual,472
Radeon R7 A10-7700K,471
Radeon R5 430,470
GeForce GT 735M,469
NVS 5400M,469
Radeon HD 8750M,469
Radeon 535,468
Radeon R5 Opteron X3216,468
Radeon R7 A8-7650K,468
Radeon HD 6670 + 6670 Dual,464
Firepro W4190M,463
GeForce GT 640M,463
GeForce GT 555M,462
Radeon HD 7650A,459
Intel HD 4600,456
Intel HD 530,456
Radeon 520,456
Ryzen 5 2500U with Radeon Vega,456
Quadro K1000M,454
Radeon E6760,452
Radeon R5 330,452
FirePro W2100,451
Radeon HD 8610G + HD 8500M Dual,451
Radeon HD 8650G N HD 8650G + HD 8600M N HD 8600M D,451
Radeon HD 8550G + R5 M200 Dual,450
Radeon R4E,449
Radeon R7 A8-7600,449
Radeon R5 240,447
Radeon Vega 3,447
GeForce GT 550M,446
NVS 5400M,446
FirePro V4900,444
Radeon HD 6570,444
Radeon HD 8670D N HD 8670D + HD 8670D Dual,444
Radeon R7 FX-9800P RADEON,444
Radeon HD 8650G + 8600/8700M Dual,443
Intel UHD Graphics 620,442
Radeon R7 PRO A8-8650B,442
Intel HD 5000,441
Radeon 530,441
Radeon HD 7560D + 7560D Dual,440
Radeon HD 7560D + HD 6570 Dual,439
GeForce GT 445M,436
Radeon R7 M445,435
Radeon R7 M440,434
Intel HD Graphics 620,433
NVS 5200M,432
FirePro M4150,431
Intel HD P4600/P4700,430
Radeon 535DX,430
Radeon HD 8570D + 6570 Dual,430
Radeon HD 7640G + HD 8600/8700M Dual,428
Radeon HD 7660D + 7500 Dual,428
Radeon Ryzen 3 3250U,427
Radeon HD 7660D + 7540D Dual,426
Radeon Vega 3 Athlon 300U,425
Matrox C420 LP PCIe x16,424
Radeon HD 7660D + 6570 Dual,424
Radeon HD 8610G + R5 M200 Dual,424
Radeon HD 7730M,423
GeForce GT 630M,422
Radeon Vega 3 Ryzen 3 3250U,421
Radeon 620,420
Radeon R7 A12-9700P RADEON,420
FirePro V5900,419
GRID K1,419
Radeon R7 M340,417
Radeon HD 8570D + HD 6570 Dual,416
Radeon R7 M260X,416
Radeon HD 8470D + 6570 Dual,415
Radeon R7 M465,415
Radeon R8 M445DX,415
GRID M10-2B,414
Radeon Vega 3 Ryzen 3 3200U,414
Radeon R7 PRO A12-8800B,413
Radeon Athlon Gold 3150U,412
Radeon HD 7540D + 7500 Dual,412
Radeon HD 7660G + 7700M Dual,412
Radeon R7 A8 PRO-7600B,412
Radeon R5 M435,411
Intel HD 520,410
Quadro 2000M,410
Quadro 3000M,407
Radeon HD 8650G + 8750M Dual,407
GeForce GT 540M,406
Qualcomm Adreno 690 GPU,403
Intel HD 5500,402
Radeon Vega 3 Athlon 320GE,402
GeForce GT 620M,401
Radeon HD 7660D + HD 7000 Dual,401
Radeon HD 7660G + HD 7670M Dual,399
"Radeon R5 A10-9600P RADEON R5, 10 COMPUTE CORES 4C",399
Radeon R7 M360,398
Intel Poison Ivy,397
Intel HD 5600,396
Radeon HD 8730M,395
Radeon R7 M440,395
Radeon HD 7520G + HD 7600M Dual,394
Radeon HD 7560D + 7570 Dual,394
Radeon HD 8650G + HD 8600/8700M Dual,394
Radeon HD 6670,392
Radeon R5 A10-9600P 4C+6G,392
Radeon HD 7640G + 8600/8700M Dual,391
Radeon R7 PRO A12-9800B,391
Radeon HD 8550G + 8750M Dual,390
Radeon R7 M265,390
Quadro K610M,387
Radeon R7 M270,386
Radeon HD 7620G + 8670M Dual,385
Radeon HD 8670D + HD 7600 Dual,385
"Radeon R5 A10-9620P RADEON R5, 10 COMPUTE CORES 4C",385
GeForce GT 720,384
Radeon HD 7540D + 6570 Dual,382
Radeon HD 7660G + HD 7700M Dual,381
Radeon R6 PRO A8-8600B 4C+6G,380
Radeon HD 6650A,379
Matrox G200e WDDM 2.0,378
Radeon R6 M255DX,377
Radeon HD 8690A,376
Radeon HD 7660G + 8670M Dual,374
Radeon Vega 3 Ryzen Embedded R1505G,374
Qualcomm Adreno 680 GPU,373
Barco MXRT 2600,370
Radeon HD 8650G + HD 8600M N HD 8600M Dual,370
Radeon HD 8650G + HD 8670M Dual,369
Radeon HD 8650G + R5 M230 Dual,369
Radeon HD 8650G N HD 8650G + HD 8600/8700M Dual,369
Radeon HD 8570M,368
Radeon R7 M260,368
GeForce GT 720M,367
Radeon HD 7670M,367
Radeon HD 8550G + 8600/8700M Dual,367
Radeon R5 420,366
GeForce GT 710,365
GeForce 910M,364
Intel HD P4600,364
Radeon R7 M365X,363
Radeon R7 PRO A12-8830B,363
GeForce GT 630,362
Radeon HD 8650D,362
Radeon HD 8650G + 7670M Dual,361
FirePro 3D V4800,360
Radeon HD 6650M,360
Radeon R8 M535DX,359
Radeon HD 7560D + 6570 Dual,358
GeForce GT 540M,357
Radeon HD 8650G + 7600M Dual,356
GeForce GT 440,355
Intel HD Family,355
Radeon Athlon Silver 3050U,355
Radeon R7 M365X,355
Radeon HD 7520G + HD 8750M Dual,353
Quadro K1000M,352
FirePro V3900,351
Radeon HD 8650G + 8500M Dual,350
Radeon HD 5670,349
Radeon HD 8670D,349
Radeon R5 M255,349
Radeon R5 M420,349
GeForce GT 640M LE,346
Quadro K420,346
Radeon HD 7660G + 7600M Dual,346
Radeon HD 7670,346
Radeon R6,346
"Radeon R5 PRO A10-8730B R5, 10 COMPUTE CORES 4C+6G",345
NVS 4200M,344
Radeon R5 M315,344
Radeon R6 A10-8700P,344
GeForce GT 520MX,342
Radeon HD 8550G + 8690M Dual,342
Radeon RX 550X,342
GeForce 820A,341
Quadro K600,341
Intel HD 4400,340
Radeon HD 7570,340
Radeon R6 PRO A10-8700B 4C+6G,338
Radeon HD 6570,337
Radeon HD 8650G,337
Radeon R5 M230,337
Radeon HD 8650G + 8670M Dual,336
Intel HD 3000,335
GeForce GT 635M,334
Radeon Vega 3 3020e,334
Radeon HD 7660G N HD 7660G + HD 7670M Dual,333
Radeon HD 7660G N HD 7660G + HD 7600M N HD 7600M D,332
Radeon HD 7660D,331
Radeon HD 8470D + HD 6450 Dual,331
Radeon HD 8650G N HD 8650G + HD 8570M Dual,330
Radeon R5 M240,329
"Radeon R6 PRO A10-8700B R6, 10 Compute Cores 4C+6G",329
FirePro 3D V3800,327
Radeon HD 7600M + 7600M Dual,327
Radeon HD 8650G + 8570M Dual,327
Intel HD 510,326
Radeon HD 7560D + 6450 Dual,326
Radeon HD 7640G + HD 7670M Dual,326
Radeon HD 7640G N HD 7640G + HD 7600M N HD 7600M D,326
"Radeon R5 PRO A6-8570E R5, 6 COMPUTE CORES 2C+4G",325
Intel HD P4000,324
Radeon HD 7550M/7650M,324
GeForce GT 630M,323
GRID M10-1B,323
Radeon HD 7660G + 7670M Dual,323
Radeon R5 M320,323
Radeon HD 7660G + 7400M Dual,322
Radeon HD 7660G + 7610M Dual,322
GeForce GT 555M,321
GeForce GT 710M,321
NVS 510,321
Radeon HD 8610G + HD 8670M Dual,321
GeForce 710A,320
Radeon HD 7620G + 8600M Dual,320
Radeon HD 8550G + HD 8600M Dual,320
Radeon HD 8610G + 8670M Dual,320
Radeon R7 A360,320
Radeon HD 7620G + HD 8670M Dual,319
Radeon HD 7640G + HD 8500M Dual,319
Radeon HD 8550D,318
Radeon Vega 3 Athlon Silver 3050e,318
GeForce 710M,317
Radeon HD 7660G,317
Radeon HD 7660G + HD 7500/7600 7500/7600 Dual,317
Radeon HD 8650G + 8600M Dual,317
"Radeon R6 PRO A8-8600B R6, 10 Compute Cores 4C+6G",317
SUMO 9640,317
Radeon R1E,316
GeForce GT 720A,314
Mobility Radeon HD 5000,314
Radeon HD 7650A,314
Radeon HD 8610G + 8600M Dual,314
Radeon HD 8650G + HD 8570M Dual,313
"Radeon R5 PRO A8-9600B R5, 10 COMPUTE CORES 4C+6G",313
Radeon HD 7550M,312
Radeon HD 8610G + 8500M Dual,312
GeForce GT 530,310
GeForce GT 820M,310
Radeon HD 8500M,310
Radeon HD 7650M,307
Radeon HD 8570D + HD 7000 Dual,307
NVS 5200M,306
Intel UHD Graphics 610,303
Quadro 600,303
Radeon HD 8570D + R5 235 Dual,302
Radeon R7 M350,302
Radeon 3020e,301
Radeon HD 7660G + 8600M Dual,301
Radeon HD 7660D + R5 235 Dual,300
Radeon HD 7660G + 7470M Dual,300
Radeon HD 7660G + HD 8500M Dual,299
Radeon Vega 2,299
GeForce GT 430,297
Intel UHD Graphics 615,296
Radeon HD 7640G + 7600M Dual,296
Radeon HD 7660D + 7470 Dual,296
Radeon R5 235 + HD 7560D Dual,296
GeForce GT 525M,294
Intel HD 615,293
Radeon HD 6550A,293
Radeon HD 8550G + 8500M Dual,292
Radeon HD 8470D + 6450 Dual,289
"Radeon R5 PRO A6-9500B R5, 6 COMPUTE CORES 2C+4G",289
Radeon HD 8610G,287
Radeon HD 8470D,286
Radeon HD 8510G + 8500M Dual,286
Matrox G200eW3 WDDM 2.0,284
Radeon HD 7660G + HD 7600M Dual,284
Radeon HD 8650G + HD 8600M Dual,284
FirePro V3800,283
GeForce GT 620M,283
Intel HD 515,283
Quadro 1000M,283
Radeon HD 8550G + 8570M Dual,283
GeForce GT 550M,282
Radeon HD 7650M,280
Intel HD 610,279
Radeon HD 7640G + HD 7600M Dual,279
GRID K140Q,277
Quadro 410,277
Radeon HD 7670M,277
Radeon HD 7560D + R5 235 Dual,275
Intel HD 3000,274
Radeon 6600M,274
Radeon HD 5570,272
Radeon HD 6550D,272
Intel HD 4000,268
GeForce 800M,266
GeForce GT 435M,266
Radeon HD 7640G + 7670M Dual,266
Radeon HD 7500G + 7550M Dual,264
Radeon HD 7570M,264
Radeon HD 7610M,264
FirePro M2000,263
GeForce 615,263
Quadro 500M,263
Mobility Radeon HD 5730,262
Intel HD 5300,261
Mobility Radeon HD 5570,259
Radeon HD 7640G + 7650M Dual,259
Radeon HD 7640G + 8670M Dual,259
Radeon HD 8550G + 8670M Dual,259
Radeon HD 8570D,258
Radeon R5 235X,257
SUMO 964A,257
Radeon HD 7640G + 7500M/7600M Dual,256
Radeon HD 7640G + 8500M Dual,255
Radeon HD 7640G N HD 7640G + HD 7670M Dual,255
Radeon HD 7640G + 7690M Dual,254
Radeon HD 7670M + 7670M Dual,254
Radeon HD 8570D + HD 8470 Dual,254
Mobile Intel HD,253
Radeon HD 7640G + 7450M Dual,252
Radeon HD 7640G + 7700M Dual,251
GeForce 610M,250
Radeon HD 7600G + HD Dual,250
Radeon HD 7640G + 8750M Dual,250
Radeon HD 7560D + HD 7000 Dual,249
IncrediblE HD 4600,248
Radeon HD 8510G,248
Radeon HD 7500G + 7500M/7600M Dual,246
Radeon HD 7560D,246
Radeon HD 7640G + 8570M Dual,245
Intel Skylake HD DT GT2,244
Radeon HD 7640G + 7500/7600 Dual,244
GeForce GT 425M,242
Radeon HD 7620G,242
GeForce GT 525M,241
Radeon HD 7540D + HD 6450 Dual,241
Radeon HD 8550G + 8600M Dual,241
GeForce GT 420M,240
Radeon HD 7640G,239
Radeon HD 8550G,239
Radeon R5 310,238
Radeon HD 7520G + 7600M Dual,235
Radeon HD 7600G + 7450M Dual,235
Radeon HD 7640G + HD 7400M Dual,232
Radeon HD 8450G + 8670M Dual,232
Radeon HD 7640G + 7610M Dual,231
Radeon HD 7640G + HD 8500M N HD 8500M Dual,231
Radeon HD 7640G + HD 8570M Dual,230
Mobility Radeon HD 4250,229
Radeon HD 7600G + 6400M Dual,229
Radeon HD 8450G + 8750M Dual,228
Radeon HD 8450G + 8600M Dual,227
Radeon HD 8570D + HD8490 Dual,226
Mobility Radeon HD 5650,225
Radeon HD 7520G + 7670M Dual,224
PHDGD Ivy 5,223
Radeon 3015e,222
Radeon HD 7520G + HD 7400M Dual,222
Radeon HD 7640G N HD 7640G + HD 8570M Dual,222
Radeon HD 7640G + 6400M Dual,221
Radeon HD 7640G + 7470M Dual,221
RADEON HD6530D,221
Radeon HD 7640G + 7400M Dual,220
Radeon R5 230,220
Radeon HD 5550,219
Radeon HD 8470D,215
GeForce 800A,214
Radeon HD 7520G N HD 7520G + HD 7500/7600 7500/760,214
Radeon HD 8350G,214
GeForce 810M,212
Radeon HD 7520G + 7470M Dual,212
Radeon HD 7520G + 8750M Dual,212
Radeon HD 7520G + HD 8600/8700M Dual,211
Radeon R4,211
GeForce 810M,210
GeForce GT 620,210
Radeon HD 8690A,210
GeForce 610M,209
IncrediblE HD 4000,207
Radeon HD 7600G,207
Radeon HD 8450G,207
Radeon HD 7520G + 7610M Dual,206
Intel UHD Graphics 605,205
Intel Media Accelerator HD,203
Radeon HD 7620G N HD 7620G + HD 8600M N HD 8600M D,202
NVS 315,201
Radeon HD 7520G + 7500/7600 Dual,201
Radeon HD 7520G N HD 7520G + HD 7600M N HD 7600M D,201
Radeon HD 7540D,199
Radeon HD 7660G + HD 7600M N HD 7600M Dual,198
GRID K160Q,196
Radeon HD 6620G,196
Radeon HD 6530D,194
Radeon HD 8410G,192
Radeon HD 7600G + 7550M Dual,191
Radeon HD 7520G,189
M880G with Mobility Radeon HD 4250,188
Radeon HD 8490,188
Mobility Radeon HD 5000 Serisi,184
Intel UHD Graphics 600,183
Radeon HD 7470,183
GeForce GT 625,181
GeForce GTS 250,181
Radeon R3,179
GeForce GT 420,177
GeForce GT 520,177
GeForce GT 520M,177
Radeon HD 7600G + 7500M/7600M Dual,177
Radeon HD 8400,177
IncrediblE HD,176
Radeon HD 7520G + 7650M Dual,176
Radeon R5 235,176
GeForce GT 705,175
GRID K120Q,175
Intel HD 505,175
Radeon HD 8400E,175
GeForce GT 610,174
Radeon HD 7600G + 8500M/8700M Dual,173
Radeon R5E,173
GeForce GT 520MX,171
NVS 4200M,169
GRID K180Q,168
SUMO 9644,168
Radeon HD 6520G,167
RADEON HD6410D,167
Radeon HD 7580D,166
Radeon E6460,165
Radeon HD 7450A,165
Radeon HD 7500G,165
Radeon HD 8280,165
Radeon HD 6450A,164
Radeon HD 8470,164
Radeon HD 8310E,162
Matrox G200eR WDDM 2.0,159
Radeon HD 7420G,159
Radeon HD 8370D,158
Radeon HD 8330,156
Radeon HD 8330E,153
NVS 310,147
Radeon HD 7640G + HD 7600M N HD 7600M Dual,147
Qualcomm Adreno 540 GPU,146
Radeon HD 6470M,145
Radeon HD 7450,145
Radeon HD 7480D,145
GeForce 605,144
Radeon HD 7400G,143
Radeon HD 8250,143
Radeon HD 8280G,143
Radeon R2,143
Radeon HD 8280E,140
Radeon HD 6430M,139
Radeon HD 7660D + HD 7400 Dual,138
GeForce 410M,137
GeForce 800M,137
GeForce 510,136
Radeon HD 8240,136
Radeon HD 6480G,135
Intel 4th Generation Haswell HD,133
Radeon HD 6410D,133
Matrox G200eh WDDM 2.0,131
PHDGD Ivy 4,130
Radeon HD 6450,130
Radeon R5 M435,127
RADEON HD6370D,126
Intel HD 500,124
Intel HD manual-gen9_2015-133271,124
Radeon 520,124
A6 Micro-6500T Quad-Core APU with RadeonR4,119
Matrox G200e WDDM 1.2,119
Matrox G200eR WDDM 1.2,119
Radeon HD 6370D,117
Radeon R2E,117
Radeon R3E,117
GeForce GT 415M,115
Mobility Radeon. HD 5470,105
Mobility Radeon HD 5470,100
Radeon HD 8210,98
Matrox G200eW,96
Radeon HD 7340,94
Radeon R5 M320,93
Radeon HD 5470,92
Mobility Radeon HD 5450,91
Radeon HD 6380G,91
Radeon HD 7340M,91
Radeon HD 6320,88
Matrox G200eW WDDM 1.2,85
Radeon HD 8350,84
Radeon HD 7350,83
Radeon HD 7310,81
Radeon HD 6230,80
RADEON HD 6350,79
Radeon HD 7340G,77
Radeon HD 8180,74
Radeon HD 6310,73
Qualcomm Adreno 618 GPU,71
Matrox G200eR,69
Radeon HD 6320 Graphic,69
Matrox G200eh WDDM 1.2,68
Radeon E6465,68
Radeon HD 6320M,68
Quadro FX 580,66
Radeon HD 7310G,61
Matrox G200eh,60
Radeon HD 7290,60
Radeon HD 7310 - Carte graphique,60
FirePro 2460,59
GeForce 8400 GS,58
Mobility Radeon HD 5430,58
Radeon HD 6290,58
Radeon HD 7310M,57
Radeon HD 7290M,54
GeForce 9500 GT,52
Radeon R5 220,51
Quadro FX 880M,48
Radeon HD 6290M,48
Radeon HD 5450,46
Radeon HD 6250,46
Radeon HD 6300M,45
FirePro 2270,42
Quadro FX 570,42
Radeon HD 7350,41
Radeon HD 8350,41
Red Hat QXL controller,36
GeForce GT 220,35
GeForce 8600 GT,33
ZX Chrome 645/640 GPU,31
VIA/S3G C-645/640 GPU,22
VIA/S3G Chrome 645/640 GPU,22
QXL KMDOD,15
Radeon HD 3200,10
Intel Media Accelerator 3150,9
ION,9
